Workbook
Name Slicer_Category: #N/A
Name Slicer_Financial_Year: #N/A
Name Slicer_State: #N/A
Name Slicer_Type: #N/A

Sheet Target Dashboard
N17: Total Sales and Trend by State
M19: State | N19: Total Sales | O19: Sales Total | P19: Online | Q19: Store
M20: Australian Capital Territory | N20: =GETPIVOTDATA("Sales",'MapSalesBy State'!$A$3,"Full State",M20,"Country","Australia") -> 41080
M21: New South Wales | N21: =GETPIVOTDATA("Sales",'MapSalesBy State'!$A$3,"Full State",M21,"Country","Australia") -> 545938
M22: Northern Territory | N22: =GETPIVOTDATA("Sales",'MapSalesBy State'!$A$3,"Full State",M22,"Country","Australia") -> 37586
M23: Queensland | N23: =GETPIVOTDATA("Sales",'MapSalesBy State'!$A$3,"Full State",M23,"Country","Australia") -> 393106
M24: South Australia | N24: =GETPIVOTDATA("Sales",'MapSalesBy State'!$A$3,"Full State",M24,"Country","Australia") -> 125254
M25: Tasmania | N25: =GETPIVOTDATA("Sales",'MapSalesBy State'!$A$3,"Full State",M25,"Country","Australia") -> 62833
M26: Victoria | N26: =GETPIVOTDATA("Sales",'MapSalesBy State'!$A$3,"Full State",M26,"Country","Australia") -> 443925
M27: Western Australia | N27: =GETPIVOTDATA("Sales",'MapSalesBy State'!$A$3,"Full State",M27,"Country","Australia") -> 206174

Sheet TARGET DATA
A1: Date | B1: Financial Year | C1: Financial Year2 | D1: Type | E1: Suburb | F1: Full State | G1: State | H1: Postcode | I1: Country | J1: Manager | K1: Category | L1: Buyer | M1: Sales
A2: 45477 | B2: =IF(MONTH(A2)>=7,YEAR(A2)+1,YEAR(A2)) -> 2025 | C2: =IF(MONTH(A2) >= 7, YEAR(A2) & "-" & YEAR(A2) + 1, YEAR(A2) - 1 & "-" & YEAR(A2)) -> 2024-2025 | D2: TARGET BnM STORE | E2: Balcatta | F2: =IF(G2="WA","Western Australia", IF(G2="NSW","New South Wales", IF(G2="QLD","Queensland", IF(G2="VIC","Victoria", IF(G2="TAS","Tasmania", IF(G2="SA","South Australia", IF(G2="NT","Northern Territory", IF(G2="ACT","Australian Capital Territory",G2)))))))) -> Western Australia | G2: WA | H2: 6021 | I2: Australia | J2: Dragan Novak | K2: Clothing, Shoes & Accessories | L2: Caterina Russo | M2: 48
A3: 45630 | B3: =IF(MONTH(A3)>=7,YEAR(A3)+1,YEAR(A3)) -> 2025 | C3: =IF(MONTH(A3) >= 7, YEAR(A3) & "-" & YEAR(A3) + 1, YEAR(A3) - 1 & "-" & YEAR(A3)) -> 2024-2025 | D3: TARGET BnM STORE | E3: Ballina | F3: =IF(G3="WA","Western Australia", IF(G3="NSW","New South Wales", IF(G3="QLD","Queensland", IF(G3="VIC","Victoria", IF(G3="TAS","Tasmania", IF(G3="SA","South Australia", IF(G3="NT","Northern Territory", IF(G3="ACT","Australian Capital Territory",G3)))))))) -> New South Wales | G3: NSW | H3: 2478 | I3: Australia | J3: Waru Saunders | K3: Home, Kitchen & Household Essentials | L3: Iluka Langton | M3: 351
A4: 45417 | B4: =IF(MONTH(A4)>=7,YEAR(A4)+1,YEAR(A4)) -> 2024 | C4: =IF(MONTH(A4) >= 7, YEAR(A4) & "-" & YEAR(A4) + 1, YEAR(A4) - 1 & "-" & YEAR(A4)) -> 2023-2024 | D4: TARGET PICK UP/ DELIVERY | E4: Belconnen | F4: =IF(G4="WA","Western Australia", IF(G4="NSW","New South Wales", IF(G4="QLD","Queensland", IF(G4="VIC","Victoria", IF(G4="TAS","Tasmania", IF(G4="SA","South Australia", IF(G4="NT","Northern Territory", IF(G4="ACT","Australian Capital Territory",G4)))))))) -> Australian Capital Territory | G4: ACT | H4: 2617 | I4: Australia | J4: Anika Villanueva | K4: Home, Kitchen & Household Essentials | L4: Iluka Langton | M4: 566
A5: 45802 | B5: =IF(MONTH(A5)>=7,YEAR(A5)+1,YEAR(A5)) -> 2025 | C5: =IF(MONTH(A5) >= 7, YEAR(A5) & "-" & YEAR(A5) + 1, YEAR(A5) - 1 & "-" & YEAR(A5)) -> 2024-2025 | D5: TARGET BnM STORE | E5: Burleigh Waters | F5: =IF(G5="WA","Western Australia", IF(G5="NSW","New South Wales", IF(G5="QLD","Queensland", IF(G5="VIC","Victoria", IF(G5="TAS","Tasmania", IF(G5="SA","South Australia", IF(G5="NT","Northern Territory", IF(G5="ACT","Australian Capital Territory",G5)))))))) -> Queensland | G5: QLD | H5: 4220 | I5: Australia | J5: Kavindi Perera | K5: Outdoor Living & Garden | L5: Zanele Mbeki | M5: 244
A6: 45537 | B6: =IF(MONTH(A6)>=7,YEAR(A6)+1,YEAR(A6)) -> 2025 | C6: =IF(MONTH(A6) >= 7, YEAR(A6) & "-" & YEAR(A6) + 1, YEAR(A6) - 1 & "-" & YEAR(A6)) -> 2024-2025 | D6: TARGET BnM STORE | E6: Castle Hill | F6: =IF(G6="WA","Western Australia", IF(G6="NSW","New South Wales", IF(G6="QLD","Queensland", IF(G6="VIC","Victoria", IF(G6="TAS","Tasmania", IF(G6="SA","South Australia", IF(G6="NT","Northern Territory", IF(G6="ACT","Australian Capital Territory",G6)))))))) -> New South Wales | G6: NSW | H6: 2154 | I6: Australia | J6: Clementine Walsh | K6: Furniture | L6: Ibrahim Khalil | M6: 484
A7: 45575 | B7: =IF(MONTH(A7)>=7,YEAR(A7)+1,YEAR(A7)) -> 2025 | C7: =IF(MONTH(A7) >= 7, YEAR(A7) & "-" & YEAR(A7) + 1, YEAR(A7) - 1 & "-" & YEAR(A7)) -> 2024-2025 | D7: TARGET BnM STORE | E7: Chatswood | F7: =IF(G7="WA","Western Australia", IF(G7="NSW","New South Wales", IF(G7="QLD","Queensland", IF(G7="VIC","Victoria", IF(G7="TAS","Tasmania", IF(G7="SA","South Australia", IF(G7="NT","Northern Territory", IF(G7="ACT","Australian Capital Territory",G7)))))))) -> New South Wales | G7: NSW | H7: 2067 | I7: Australia | J7: Moana Tui | K7: Clothing, Shoes & Accessories | L7: Caterina Russo | M7: 613
A8: 45334 | B8: =IF(MONTH(A8)>=7,YEAR(A8)+1,YEAR(A8)) -> 2024 | C8: =IF(MONTH(A8) >= 7, YEAR(A8) & "-" & YEAR(A8) + 1, YEAR(A8) - 1 & "-" & YEAR(A8)) -> 2023-2024 | D8: TARGET BnM STORE | E8: Claremont | F8: =IF(G8="WA","Western Australia", IF(G8="NSW","New South Wales", IF(G8="QLD","Queensland", IF(G8="VIC","Victoria", IF(G8="TAS","Tasmania", IF(G8="SA","South Australia", IF(G8="NT","Northern Territory", IF(G8="ACT","Australian Capital Territory",G8)))))))) -> Western Australia | G8: WA | H8: 6010 | I8: Australia | J8: Dragan Novak | K8: Grocery | L8: Amara Okafor | M8: 339
A9: 45595 | B9: =IF(MONTH(A9)>=7,YEAR(A9)+1,YEAR(A9)) -> 2025 | C9: =IF(MONTH(A9) >= 7, YEAR(A9) & "-" & YEAR(A9) + 1, YEAR(A9) - 1 & "-" & YEAR(A9)) -> 2024-2025 | D9: TARGET BnM STORE | E9: Dandenong | F9: =IF(G9="WA","Western Australia", IF(G9="NSW","New South Wales", IF(G9="QLD","Queensland", IF(G9="VIC","Victoria", IF(G9="TAS","Tasmania", IF(G9="SA","South Australia", IF(G9="NT","Northern Territory", IF(G9="ACT","Australian Capital Territory",G9)))))))) -> Victoria | G9: VIC | H9: 3175 | I9: Australia | J9: Fatima Saleh | K9: Home, Kitchen & Household Essentials | L9: Iluka Langton | M9: 559
A10: 45662 | B10: =IF(MONTH(A10)>=7,YEAR(A10)+1,YEAR(A10)) -> 2025 | C10: =IF(MONTH(A10) >= 7, YEAR(A10) & "-" & YEAR(A10) + 1, YEAR(A10) - 1 & "-" & YEAR(A10)) -> 2024-2025 | D10: TARGET BnM STORE | E10: Dural | F10: =IF(G10="WA","Western Australia", IF(G10="NSW","New South Wales", IF(G10="QLD","Queensland", IF(G10="VIC","Victoria", IF(G10="TAS","Tasmania", IF(G10="SA","South Australia", IF(G10="NT","Northern Territory", IF(G10="ACT","Australian Capital Territory",G10)))))))) -> New South Wales | G10: NSW | H10: 2158 | I10: Australia | J10: Clementine Walsh | K10: Furniture | L10: Ibrahim Khalil | M10: 174
A11: 45780 | B11: =IF(MONTH(A11)>=7,YEAR(A11)+1,YEAR(A11)) -> 2025 | C11: =IF(MONTH(A11) >= 7, YEAR(A11) & "-" & YEAR(A11) + 1, YEAR(A11) - 1 & "-" & YEAR(A11)) -> 2024-2025 | D11: TARGET BnM STORE | E11: Epping | F11: =IF(G11="WA","Western Australia", IF(G11="NSW","New South Wales", IF(G11="QLD","Queensland", IF(G11="VIC","Victoria", IF(G11="TAS","Tasmania", IF(G11="SA","South Australia", IF(G11="NT","Northern Territory", IF(G11="ACT","Australian Capital Territory",G11)))))))) -> Victoria | G11: VIC | H11: 3076 | I11: Australia | J11: Alistair Taylor | K11: Beauty, Health & Personal Care | L11: Marco Lombardi | M11: 795
A12: 45674 | B12: =IF(MONTH(A12)>=7,YEAR(A12)+1,YEAR(A12)) -> 2025 | C12: =IF(MONTH(A12) >= 7, YEAR(A12) & "-" & YEAR(A12) + 1, YEAR(A12) - 1 & "-" & YEAR(A12)) -> 2024-2025 | D12: TARGET BnM STORE | E12: Epping | F12: =IF(G12="WA","Western Australia", IF(G12="NSW","New South Wales", IF(G12="QLD","Queensland", IF(G12="VIC","Victoria", IF(G12="TAS","Tasmania", IF(G12="SA","South Australia", IF(G12="NT","Northern Territory", IF(G12="ACT","Australian Capital Territory",G12)))))))) -> Victoria | G12: VIC | H12: 3076 | I12: Australia | J12: Alistair Taylor | K12: Clothing, Shoes & Accessories | L12: Caterina Russo | M12: 473
A13: 45579 | B13: =IF(MONTH(A13)>=7,YEAR(A13)+1,YEAR(A13)) -> 2025 | C13: =IF(MONTH(A13) >= 7, YEAR(A13) & "-" & YEAR(A13) + 1, YEAR(A13) - 1 & "-" & YEAR(A13)) -> 2024-2025 | D13: TARGET BnM STORE | E13: Epsom | F13: =IF(G13="WA","Western Australia", IF(G13="NSW","New South Wales", IF(G13="QLD","Queensland", IF(G13="VIC","Victoria", IF(G13="TAS","Tasmania", IF(G13="SA","South Australia", IF(G13="NT","Northern Territory", IF(G13="ACT","Australian Capital Territory",G13)))))))) -> Victoria | G13: VIC | H13: 3551 | I13: Australia | J13: Lucas Le | K13: Toys, Sports & Outdoors | L13: Lani To’o | M13: 743
... A4506: 45326 | B4506: =IF(MONTH(A4506)>=7,YEAR(A4506)+1,YEAR(A4506)) -> 2024 | C4506: =IF(MONTH(A4506) >= 7, YEAR(A4506) & "-" & YEAR(A4506) + 1, YEAR(A4506) - 1 & "-" & YEAR(A4506)) -> 2023-2024 | D4506: TARGET BnM STORE | E4506: Campbelltown | F4506: =IF(G4506="WA","Western Australia", IF(G4506="NSW","New South Wales", IF(G4506="QLD","Queensland", IF(G4506="VIC","Victoria", IF(G4506="TAS","Tasmania", IF(G4506="SA","South Australia", IF(G4506="NT","Northern Territory", IF(G4506="ACT","Australian Capital Territory",G4506)))))))) -> New South Wales | G4506: NSW | H4506: 2560 | I4506: Australia | J4506: Anika Villanueva | K4506: Home, Kitchen & Household Essentials | L4506: Iluka Langton | M4506: 761

Sheet Total Sales Overtime
A3: Sum of Sales | B3: Column Labels | K3: KPIs
A4: Row Labels | B4: TARGET BnM STORE | C4: TARGET PICK UP/ DELIVERY | D4: Grand Total | K4: =SUM(Data[Sales]) -> 1855896 | L4: Total Sales
A5: 2024 | B5: 659575 | C5: 265441 | D5: 925016 | K5: =AVERAGE(Data[Sales]) -> 411.9636 | L5: Avg Sales
A6: Jan | B6: 49439 | C6: 20150 | D6: 69589
A7: Feb | B7: 63529 | C7: 20376 | D7: 83905
A8: Mar | B8: 52399 | C8: 22229 | D8: 74628
A9: Apr | B9: 61034 | C9: 23320 | D9: 84354
A10: May | B10: 55207 | C10: 24083 | D10: 79290
A11: Jun | B11: 59054 | C11: 23610 | D11: 82664
A12: Jul | B12: 55122 | C12: 21751 | D12: 76873
A13: Aug | B13: 58667 | C13: 24441 | D13: 83108
A14: Sep | B14: 59164 | C14: 17542 | D14: 76706
A15: Oct | B15: 53336 | C15: 25434 | D15: 78770
A16: Nov | B16: 45083 | C16: 20041 | D16: 65124
A17: Dec | B17: 47541 | C17: 22464 | D17: 70005
... A31: Grand Total | B31: 1300000 | C31: 555896 | D31: 1855896

Sheet Avg Sales Overtime
A3: Average of Sales | B3: Column Labels
A4: Row Labels | B4: TARGET BnM STORE | C4: TARGET PICK UP/ DELIVERY | D4: Grand Total
A5: 2024 | B5: 402.91692 | C5: 422.67675 | D5: 408.39558
A6: Jan | B6: 405.2377 | C6: 457.95455 | D6: 419.21084
A7: Feb | B7: 404.64331 | C7: 415.83673 | D7: 407.30583
A8: Mar | B8: 393.97744 | C8: 389.98246 | D8: 392.77895
A9: Apr | B9: 415.19728 | C9: 431.85185 | D9: 419.67164
A10: May | B10: 421.42748 | C10: 415.22414 | D10: 419.52381
A11: Jun | B11: 421.81429 | C11: 414.21053 | D11: 419.61421
A12: Jul | B12: 382.79167 | C12: 443.89796 | D12: 398.3057
A13: Aug | B13: 393.73826 | C13: 400.67213 | D13: 395.75238
A14: Sep | B14: 399.75676 | C14: 417.66667 | D14: 403.71579
A15: Oct | B15: 410.27692 | C15: 471 | D15: 428.09783
A16: Nov | B16: 388.64655 | C16: 426.40426 | D16: 399.53374
... A31: Grand Total | B31: 406.75845 | C31: 424.67227 | D31: 411.9636

Sheet ProdCategoryWise Sales
A3: Sum of Sales | B3: Column Labels
A4: Row Labels | B4: TARGET BnM STORE | C4: TARGET PICK UP/ DELIVERY | D4: Grand Total
A5: Movie, Music & Books | B5: 33496 | C5: 17352 | D5: 50848
A6: Toys, Sports & Outdoors | B6: 79862 | C6: 43152 | D6: 123014
A7: Outdoor Living & Garden | B7: 102707 | C7: 54315 | D7: 157022
A8: Beauty, Health & Personal Care | B8: 117759 | C8: 52284 | D8: 170043
A9: School & Office Supplies | B9: 124816 | C9: 46615 | D9: 171431
A10: Electronics | B10: 131142 | C10: 50626 | D10: 181768
A11: Clothing, Shoes & Accessories | B11: 133950 | C11: 63302 | D11: 197252
A12: Home, Kitchen & Household Essentials | B12: 161579 | C12: 60467 | D12: 222046
A13: Grocery | B13: 186952 | C13: 84422 | D13: 271374
A14: Furniture | B14: 227737 | C14: 83361 | D14: 311098
A15: Grand Total | B15: 1300000 | C15: 555896 | D15: 1855896

Sheet  Sales by Suburb 
A3: Sum of Sales | B3: Column Labels
A4: Row Labels | B4: TARGET BnM STORE | C4: TARGET PICK UP/ DELIVERY | D4: Grand Total
A5: Campbelltown | B5: 22583 | C5: 9043 | D5: 31626
A6: Chadstone | B6: 20898 | C6: 10469 | D6: 31367
A7: Epsom | B7: 22387 | C7: 8894 | D7: 31281
A8: Frankston | B8: 28080 | C8: 1152 | D8: 29232
A9: Chatswood | B9: 23017 | C9: 5735 | D9: 28752
A10: Albany | B10: 18687 | C10: 9431 | D10: 28118
A11: Dubbo | B11: 22010 | C11: 5887 | D11: 27897
A12: Alexandria | B12: 20225 | C12: 7639 | D12: 27864
A13: Underwood | B13: 18145 | C13: 9236 | D13: 27381
A14: Southport | B14: 22154 | C14: 4834 | D14: 26988 | F14: =INDEX(A5:A14,MATCH(MAX(D5:D14),D5:D14,0)) -> Campbelltown | G14: top suburb kpi
A15: Grand Total | B15: 218186 | C15: 72320 | D15: 290506 | F15: =MATCH(MIN(D5:D14),D5:D14,0) -> 10

Sheet Online Vs Store
A3: Row Labels | B3: Sum of Sales
A4: TARGET BnM STORE | B4: 1300000
A5: TARGET PICK UP/ DELIVERY | B5: 555896
A6: Grand Total | B6: 1855896

Sheet State_Sparkline
A1: Type | B1: (All)
A3: Sum of Sales | B3: Column Labels
B4: 2024 | N4: 2025
A5: Row Labels | B5: Jan | C5: Feb | D5: Mar | E5: Apr | F5: May | G5: Jun | H5: Jul | I5: Aug | J5: Sep | K5: Oct | L5: Nov | M5: Dec | N5: Jan | O5: Feb | P5: Mar | Q5: Apr | R5: May | S5: Jun | T5: Jul | U5: Aug | V5: Sep | W5: Oct | X5: Nov | Y5: Dec
A6: Australian Capital Territory | B6: 2032 | C6: 559 | D6: 2101 | E6: 3412 | F6: 1346 | G6: 1377 | H6: 1234 | I6: 2072 | J6: 835 | K6: 1727 | L6: 2177 | M6: 698 | N6: 2163 | O6: 1106 | P6: 1988 | Q6: 3374 | R6: 2405 | S6: 1599 | T6: 2357 | U6: 1632 | V6: 843 | W6: 2520 | X6: 491 | Y6: 1032
A7: New South Wales | B7: 20889 | C7: 25274 | D7: 20401 | E7: 23102 | F7: 25192 | G7: 23397 | H7: 18241 | I7: 23734 | J7: 19824 | K7: 22750 | L7: 14878 | M7: 17124 | N7: 23187 | O7: 18238 | P7: 27277 | Q7: 21512 | R7: 26267 | S7: 25226 | T7: 25222 | U7: 30563 | V7: 20090 | W7: 24343 | X7: 24574 | Y7: 24633
A8: Northern Territory | B8: 758 | C8: 2071 | D8: 950 | E8: 1962 | F8: 3370 | G8: 1437 | H8: 1145 | I8: 1133 | J8: 1884 | K8: 1605 | L8: 2480 | M8: 761 | N8: 1244 | O8: 1147 | P8: 2713 | Q8: 1361 | R8: 2424 | S8: 313 | T8: 1872 | U8: 457 | V8: 1531 | W8: 641 | X8: 1775 | Y8: 2552
A9: Queensland | B9: 15947 | C9: 18737 | D9: 18749 | E9: 14970 | F9: 18102 | G9: 13758 | H9: 19757 | I9: 17460 | J9: 15930 | K9: 12640 | L9: 17234 | M9: 18493 | N9: 13647 | O9: 16930 | P9: 12014 | Q9: 14893 | R9: 18047 | S9: 19490 | T9: 16044 | U9: 14833 | V9: 14621 | W9: 13281 | X9: 18135 | Y9: 19394
A10: South Australia | B10: 3113 | C10: 4514 | D10: 5543 | E10: 5470 | F10: 5772 | G10: 5438 | H10: 6321 | I10: 7955 | J10: 6545 | K10: 5824 | L10: 4243 | M10: 2647 | N10: 7236 | O10: 7450 | P10: 3574 | Q10: 3424 | R10: 4654 | S10: 5537 | T10: 2877 | U10: 2640 | V10: 5498 | W10: 5830 | X10: 6555 | Y10: 6594
A11: Tasmania | B11: 2322 | C11: 1424 | D11: 1447 | E11: 4287 | F11: 3390 | G11: 2198 | H11: 1366 | I11: 2790 | J11: 4499 | K11: 2708 | L11: 1684 | M11: 3318 | N11: 3680 | O11: 2863 | P11: 3854 | Q11: 2678 | R11: 1043 | S11: 2438 | T11: 1829 | U11: 2278 | V11: 4680 | W11: 2405 | X11: 2376 | Y11: 1276
A12: Victoria | B12: 16138 | C12: 22431 | D12: 19543 | E12: 23781 | F12: 12366 | G12: 22901 | H12: 20984 | I12: 15150 | J12: 18074 | K12: 19857 | L12: 18085 | M12: 18152 | N12: 15124 | O12: 17367 | P12: 13832 | Q12: 22987 | R12: 18622 | S12: 18654 | T12: 13907 | U12: 24748 | V12: 15746 | W12: 21054 | X12: 16911 | Y12: 17511
A13: Western Australia | B13: 8390 | C13: 8895 | D13: 5894 | E13: 7370 | F13: 9752 | G13: 12158 | H13: 7825 | I13: 12814 | J13: 9115 | K13: 11659 | L13: 4343 | M13: 8812 | N13: 8966 | O13: 6511 | P13: 7849 | Q13: 8221 | R13: 6779 | S13: 8377 | T13: 8965 | U13: 8611 | V13: 5704 | W13: 11263 | X13: 8412 | Y13: 9489
A18: Type | B18: (All)
A20: Sum of Sales | B20: Column Labels
B21: 2024 | N21: 2025
A22: Row Labels | B22: Jan | C22: Feb | D22: Mar | E22: Apr | F22: May | G22: Jun | H22: Jul | I22: Aug | J22: Sep | K22: Oct | L22: Nov | M22: Dec | N22: Jan | O22: Feb | P22: Mar | Q22: Apr | R22: May | S22: Jun | T22: Jul | U22: Aug | V22: Sep | W22: Oct | X22: Nov | Y22: Dec
A23: Australian Capital Territory | B23: 2032 | C23: 559 | D23: 2101 | E23: 3412 | F23: 1346 | G23: 1377 | H23: 1234 | I23: 2072 | J23: 835 | K23: 1727 | L23: 2177 | M23: 698 | N23: 2163 | O23: 1106 | P23: 1988 | Q23: 3374 | R23: 2405 | S23: 1599 | T23: 2357 | U23: 1632 | V23: 843 | W23: 2520 | X23: 491 | Y23: 1032
A24: New South Wales | B24: 20889 | C24: 25274 | D24: 20401 | E24: 23102 | F24: 25192 | G24: 23397 | H24: 18241 | I24: 23734 | J24: 19824 | K24: 22750 | L24: 14878 | M24: 17124 | N24: 23187 | O24: 18238 | P24: 27277 | Q24: 21512 | R24: 26267 | S24: 25226 | T24: 25222 | U24: 30563 | V24: 20090 | W24: 24343 | X24: 24574 | Y24: 24633
A25: Northern Territory | B25: 758 | C25: 2071 | D25: 950 | E25: 1962 | F25: 3370 | G25: 1437 | H25: 1145 | I25: 1133 | J25: 1884 | K25: 1605 | L25: 2480 | M25: 761 | N25: 1244 | O25: 1147 | P25: 2713 | Q25: 1361 | R25: 2424 | S25: 313 | T25: 1872 | U25: 457 | V25: 1531 | W25: 641 | X25: 1775 | Y25: 2552
A26: Queensland | B26: 15947 | C26: 18737 | D26: 18749 | E26: 14970 | F26: 18102 | G26: 13758 | H26: 19757 | I26: 17460 | J26: 15930 | K26: 12640 | L26: 17234 | M26: 18493 | N26: 13647 | O26: 16930 | P26: 12014 | Q26: 14893 | R26: 18047 | S26: 19490 | T26: 16044 | U26: 14833 | V26: 14621 | W26: 13281 | X26: 18135 | Y26: 19394
A27: South Australia | B27: 3113 | C27: 4514 | D27: 5543 | E27: 5470 | F27: 5772 | G27: 5438 | H27: 6321 | I27: 7955 | J27: 6545 | K27: 5824 | L27: 4243 | M27: 2647 | N27: 7236 | O27: 7450 | P27: 3574 | Q27: 3424 | R27: 4654 | S27: 5537 | T27: 2877 | U27: 2640 | V27: 5498 | W27: 5830 | X27: 6555 | Y27: 6594
A28: Tasmania | B28: 2322 | C28: 1424 | D28: 1447 | E28: 4287 | F28: 3390 | G28: 2198 | H28: 1366 | I28: 2790 | J28: 4499 | K28: 2708 | L28: 1684 | M28: 3318 | N28: 3680 | O28: 2863 | P28: 3854 | Q28: 2678 | R28: 1043 | S28: 2438 | T28: 1829 | U28: 2278 | V28: 4680 | W28: 2405 | X28: 2376 | Y28: 1276
A29: Victoria | B29: 16138 | C29: 22431 | D29: 19543 | E29: 23781 | F29: 12366 | G29: 22901 | H29: 20984 | I29: 15150 | J29: 18074 | K29: 19857 | L29: 18085 | M29: 18152 | N29: 15124 | O29: 17367 | P29: 13832 | Q29: 22987 | R29: 18622 | S29: 18654 | T29: 13907 | U29: 24748 | V29: 15746 | W29: 21054 | X29: 16911 | Y29: 17511
A30: Western Australia | B30: 8390 | C30: 8895 | D30: 5894 | E30: 7370 | F30: 9752 | G30: 12158 | H30: 7825 | I30: 12814 | J30: 9115 | K30: 11659 | L30: 4343 | M30: 8812 | N30: 8966 | O30: 6511 | P30: 7849 | Q30: 8221 | R30: 6779 | S30: 8377 | T30: 8965 | U30: 8611 | V30: 5704 | W30: 11263 | X30: 8412 | Y30: 9489
A35: Type | B35: (All)
A37: Sum of Sales | B37: Column Labels
B38: 2024 | N38: 2025
A39: Row Labels | B39: Jan | C39: Feb | D39: Mar | E39: Apr | F39: May | G39: Jun | H39: Jul | I39: Aug | J39: Sep | K39: Oct | L39: Nov | M39: Dec | N39: Jan | O39: Feb | P39: Mar | Q39: Apr | R39: May | S39: Jun | T39: Jul | U39: Aug | V39: Sep | W39: Oct | X39: Nov | Y39: Dec
A40: Australian Capital Territory | B40: 2032 | C40: 559 | D40: 2101 | E40: 3412 | F40: 1346 | G40: 1377 | H40: 1234 | I40: 2072 | J40: 835 | K40: 1727 | L40: 2177 | M40: 698 | N40: 2163 | O40: 1106 | P40: 1988 | Q40: 3374 | R40: 2405 | S40: 1599 | T40: 2357 | U40: 1632 | V40: 843 | W40: 2520 | X40: 491 | Y40: 1032
A41: New South Wales | B41: 20889 | C41: 25274 | D41: 20401 | E41: 23102 | F41: 25192 | G41: 23397 | H41: 18241 | I41: 23734 | J41: 19824 | K41: 22750 | L41: 14878 | M41: 17124 | N41: 23187 | O41: 18238 | P41: 27277 | Q41: 21512 | R41: 26267 | S41: 25226 | T41: 25222 | U41: 30563 | V41: 20090 | W41: 24343 | X41: 24574 | Y41: 24633
A42: Northern Territory | B42: 758 | C42: 2071 | D42: 950 | E42: 1962 | F42: 3370 | G42: 1437 | H42: 1145 | I42: 1133 | J42: 1884 | K42: 1605 | L42: 2480 | M42: 761 | N42: 1244 | O42: 1147 | P42: 2713 | Q42: 1361 | R42: 2424 | S42: 313 | T42: 1872 | U42: 457 | V42: 1531 | W42: 641 | X42: 1775 | Y42: 2552
A43: Queensland | B43: 15947 | C43: 18737 | D43: 18749 | E43: 14970 | F43: 18102 | G43: 13758 | H43: 19757 | I43: 17460 | J43: 15930 | K43: 12640 | L43: 17234 | M43: 18493 | N43: 13647 | O43: 16930 | P43: 12014 | Q43: 14893 | R43: 18047 | S43: 19490 | T43: 16044 | U43: 14833 | V43: 14621 | W43: 13281 | X43: 18135 | Y43: 19394
A44: South Australia | B44: 3113 | C44: 4514 | D44: 5543 | E44: 5470 | F44: 5772 | G44: 5438 | H44: 6321 | I44: 7955 | J44: 6545 | K44: 5824 | L44: 4243 | M44: 2647 | N44: 7236 | O44: 7450 | P44: 3574 | Q44: 3424 | R44: 4654 | S44: 5537 | T44: 2877 | U44: 2640 | V44: 5498 | W44: 5830 | X44: 6555 | Y44: 6594
A45: Tasmania | B45: 2322 | C45: 1424 | D45: 1447 | E45: 4287 | F45: 3390 | G45: 2198 | H45: 1366 | I45: 2790 | J45: 4499 | K45: 2708 | L45: 1684 | M45: 3318 | N45: 3680 | O45: 2863 | P45: 3854 | Q45: 2678 | R45: 1043 | S45: 2438 | T45: 1829 | U45: 2278 | V45: 4680 | W45: 2405 | X45: 2376 | Y45: 1276
A46: Victoria | B46: 16138 | C46: 22431 | D46: 19543 | E46: 23781 | F46: 12366 | G46: 22901 | H46: 20984 | I46: 15150 | J46: 18074 | K46: 19857 | L46: 18085 | M46: 18152 | N46: 15124 | O46: 17367 | P46: 13832 | Q46: 22987 | R46: 18622 | S46: 18654 | T46: 13907 | U46: 24748 | V46: 15746 | W46: 21054 | X46: 16911 | Y46: 17511
A47: Western Australia | B47: 8390 | C47: 8895 | D47: 5894 | E47: 7370 | F47: 9752 | G47: 12158 | H47: 7825 | I47: 12814 | J47: 9115 | K47: 11659 | L47: 4343 | M47: 8812 | N47: 8966 | O47: 6511 | P47: 7849 | Q47: 8221 | R47: 6779 | S47: 8377 | T47: 8965 | U47: 8611 | V47: 5704 | W47: 11263 | X47: 8412 | Y47: 9489

Sheet MapSalesBy State
A3: Row Labels | B3: Full State | C3: Sum of Sales | E3: Country | F3: Full State | G3: Sum of Sales
A4: Australia | B4: Australian Capital Territory | C4: 41080 | E4: Australia | F4: Australian Capital Territory | G4: 41080
A5: Australia | B5: New South Wales | C5: 545938 | E5: Australia | F5: New South Wales | G5: 545938
A6: Australia | B6: Northern Territory | C6: 37586 | E6: Australia | F6: Northern Territory | G6: 37586
A7: Australia | B7: Queensland | C7: 393106 | E7: Australia | F7: Queensland | G7: 393106
A8: Australia | B8: South Australia | C8: 125254 | E8: Australia | F8: South Australia | G8: 125254
A9: Australia | B9: Tasmania | C9: 62833 | E9: Australia | F9: Tasmania | G9: 62833
A10: Australia | B10: Victoria | C10: 443925 | E10: Australia | F10: Victoria | G10: 443925
A11: Australia | B11: Western Australia | C11: 206174 | E11: Australia | F11: Western Australia | G11: 206174
A12: Australia Total | C12: 1855896
A13: Grand Total | C13: 1855896

Sheet SalesByManager
A3: Sum of Sales | B3: Column Labels | K3: =INDEX(A5:A25,MATCH(MAX(D5:D25),D5:D25,0)) -> Fatima Saleh | L3: top performing Customer
A4: Row Labels | B4: TARGET BnM STORE | C4: TARGET PICK UP/ DELIVERY | D4: Grand Total
A5: Fatima Saleh | B5: 110563 | C5: 37422 | D5: 147985
A6: Clementine Walsh | B6: 94790 | C6: 46205 | D6: 140995
A7: Lucas Le | B7: 89589 | C7: 44601 | D7: 134190
A8: Jedda Kramer | B8: 87218 | C8: 45010 | D8: 132228
A9: Moana Tui | B9: 95164 | C9: 25631 | D9: 120795
A10: Anika Villanueva | B10: 80739 | C10: 33491 | D10: 114230
A11: Giannis Katsaros | B11: 71667 | C11: 22268 | D11: 93935
A12: Alistair Taylor | B12: 59038 | C12: 28628 | D12: 87666
A13: Viliame Mata | B13: 62068 | C13: 19912 | D13: 81980
A14: Phoebe Murphy | B14: 54244 | C14: 24893 | D14: 79137
A15: Waru Saunders | B15: 50502 | C15: 28268 | D15: 78770
A16: Kavindi Perera | B16: 63897 | C16: 14222 | D16: 78119
... A26: Grand Total | B26: 1300000 | C26: 555896 | D26: 1855896

Sheet top10Buyers
A3: Sum of Sales | B3: Column Labels | K3: =INDEX(top10Buyers!A5:A14,MATCH(MAX(top10Buyers!D5:D14),top10Buyers!D5:D14,0)) -> Ibrahim Khalil | L3: top buyer
A4: Row Labels | B4: TARGET BnM STORE | C4: TARGET PICK UP/ DELIVERY | D4: Grand Total
A5: Ibrahim Khalil | B5: 227737 | C5: 83361 | D5: 311098
A6: Amara Okafor | B6: 186952 | C6: 84422 | D6: 271374
A7: Iluka Langton | B7: 161579 | C7: 60467 | D7: 222046
A8: Caterina Russo | B8: 133950 | C8: 63302 | D8: 197252
A9: Selam Tesfaye | B9: 131142 | C9: 50626 | D9: 181768
A10: Emmanuel Tutu | B10: 124816 | C10: 46615 | D10: 171431
A11: Marco Lombardi | B11: 117759 | C11: 52284 | D11: 170043
A12: Zanele Mbeki | B12: 102707 | C12: 54315 | D12: 157022
A13: Lani To’o | B13: 79862 | C13: 43152 | D13: 123014
A14: Anastasia Vlahos | B14: 33496 | C14: 17352 | D14: 50848
A15: Grand Total | B15: 1300000 | C15: 555896 | D15: 1855896
